BEGIN:VCALENDAR
VERSION:2.0
X-WR-CALNAME:UK Holidays
PRODID:-//Apple Computer\, Inc//iCal 2.0//EN
X-WR-RELCALID:2D7ED899-1693-4485-9C0C-1151808A6778
X-WR-TIMEZONE:America/Detroit
CALSCALE:GREGORIAN
METHOD:PUBLISH
BEGIN:VEVENT
SUMMARY:Boxing Day
DTSTART;VALUE=DATE:20021226
DTEND;VALUE=DATE:20021227
UID:DECC1D87-B635-4EF8-B464-2F3812CD4620
DTSTAMP:20040707T140415Z
RRULE:FREQ=YEARLY;INTERVAL=1;BYMONTH=12
END:VEVENT
BEGIN:VEVENT
DTSTART;VALUE=DATE:20020214
DTEND;VALUE=DATE:20020215
SUMMARY:Valentine's Day
UID:A4ABF8EC-9857-4D07-96A4-5D4BC9705E10
DTSTAMP:20040707T140415Z
RRULE:FREQ=YEARLY;INTERVAL=1;BYMONTH=2
END:VEVENT
BEGIN:VEVENT
DTSTART;VALUE=DATE:20100104
DTEND;VALUE=DATE:20100105
SUMMARY:Bank Holiday (Scotland)
UID:FB7ECC22-FCF2-47E6-9302-6406CFC93C87
SEQUENCE:3
DTSTAMP:20060123T214307Z
END:VEVENT
BEGIN:VEVENT
DTSTART;VALUE=DATE:20080324
DTEND;VALUE=DATE:20080325
SUMMARY:Easter Monday
UID:88B5EBFA-E9B7-48B0-A29C-EF2CB5336AB2
SEQUENCE:3
DTSTAMP:20060123T215730Z
END:VEVENT
BEGIN:VEVENT
DTSTART;VALUE=DATE:20060102
DTEND;VALUE=DATE:20060103
SUMMARY:2nd January (Scotland)
UID:CD23A318-22D9-48D9-883A-CB043260A52D
DTSTAMP:20060123T213943Z
RRULE:FREQ=YEARLY;INTERVAL=1;BYMONTH=1
SEQUENCE:1
END:VEVENT
BEGIN:VEVENT
DTSTART;VALUE=DATE:20050103
SUMMARY:New Year's Day (observed)
UID:9DD86A12-52CE-4DE1-879A-2C1820FFA796
DTSTAMP:20040707T141033Z
SEQUENCE:1
DURATION:P1D
END:VEVENT
BEGIN:VEVENT
DTSTART;VALUE=DATE:20060103
DTEND;VALUE=DATE:20060104
SUMMARY:Bank Holiday (Scotland)
UID:B5969C4A-5863-495D-85A0-B16573C213C9
SEQUENCE:3
DTSTAMP:20060123T214036Z
END:VEVENT
BEGIN:VEVENT
DTSTART;VALUE=DATE:20100404
DTEND;VALUE=DATE:20100405
SUMMARY:Easter
UID:EEE3637D-0BD2-43E8-AF05-E7FF41032700
SEQUENCE:3
DTSTAMP:20060123T220456Z
END:VEVENT
BEGIN:VEVENT
DTSTART;VALUE=DATE:20051227
SUMMARY:Bank Holiday
UID:0B125525-42D7-42BD-9E57-0DF8DCE7E2CD
DTSTAMP:20040707T141446Z
SEQUENCE:1
DESCRIPTION:Substitute in lieu of the 25th
DURATION:P1D
END:VEVENT
BEGIN:VEVENT
DTSTART;VALUE=DATE:20020213
DTEND;VALUE=DATE:20020214
SUMMARY:Ash Wednesday
UID:DCEB803C-E0FD-43F2-9B09-EC3127A87EAE
DTSTAMP:20040707T140415Z
END:VEVENT
BEGIN:VEVENT
DTSTART;VALUE=DATE:20091228
DTEND;VALUE=DATE:20091229
SUMMARY:Bank Holiday
UID:CCF9E9C6-8DDC-4B27-BBAD-C1E2D5176A56
SEQUENCE:3
DTSTAMP:20060123T215020Z
END:VEVENT
BEGIN:VEVENT
DTSTART;VALUE=DATE:20020805
DTEND;VALUE=DATE:20020806
SUMMARY:Holiday (Scotland)
UID:84AAB264-45B2-4F2B-9485-BE52D9F1AB22
DTSTAMP:20040707T140415Z
RRULE:FREQ=YEARLY;INTERVAL=1;BYMONTH=8;BYDAY=1MO
END:VEVENT
BEGIN:VEVENT
DTSTART;VALUE=DATE:20030421
DTEND;VALUE=DATE:20030422
SUMMARY:Easter Monday
UID:1B6E4D5C-A601-4FAD-8405-52A8904C2A15
DTSTAMP:20040707T140415Z
END:VEVENT
BEGIN:VEVENT
DTSTART;VALUE=DATE:20030305
DTEND;VALUE=DATE:20030306
SUMMARY:Ash Wednesday
UID:C97F751C-028B-44DC-BC80-B7167F3C66F6
DTSTAMP:20040707T140415Z
END:VEVENT
BEGIN:VEVENT
DTSTART;VALUE=DATE:20020423
DTEND;VALUE=DATE:20020424
SUMMARY:St. George's Day
UID:A644107D-5C6B-46C5-8D4F-CEF4A079A34B
DTSTAMP:20040707T140415Z
RRULE:FREQ=YEARLY;INTERVAL=1;BYMONTH=4
END:VEVENT
BEGIN:VEVENT
DTSTART;VALUE=DATE:20090410
DTEND;VALUE=DATE:20090411
SUMMARY:Good Friday
UID:C399C5AE-6F0D-46D0-BF40-9D623BCF2BC1
SEQUENCE:3
DTSTAMP:20060124T193249Z
END:VEVENT
BEGIN:VEVENT
DTSTART;VALUE=DATE:20100402
DTEND;VALUE=DATE:20100403
SUMMARY:Good Friday
UID:3F5193D3-B5B9-4892-8FE6-28121B9EDBA3
SEQUENCE:3
DTSTAMP:20060124T193311Z
END:VEVENT
BEGIN:VEVENT
DTSTART;VALUE=DATE:20070409
SUMMARY:Easter Monday
UID:30D5700D-FC88-4616-BF0D-C7BE70249624
DTSTAMP:20040707T141722Z
SEQUENCE:1
DURATION:P1D
END:VEVENT
BEGIN:VEVENT
DTSTART;VALUE=DATE:20070408
SUMMARY:Easter
UID:B52B4CE9-0252-468B-B890-41E72905CD10
DTSTAMP:20040707T141714Z
SEQUENCE:1
DURATION:P1D
END:VEVENT
BEGIN:VEVENT
DTSTART;VALUE=DATE:20090412
DTEND;VALUE=DATE:20090413
SUMMARY:Easter
UID:1468D97A-D54F-44A6-902B-F420FA7CA325
SEQUENCE:3
DTSTAMP:20060123T220407Z
END:VEVENT
BEGIN:VEVENT
DTSTART;VALUE=DATE:20060828
DTEND;VALUE=DATE:20060829
SUMMARY:Late Summer Holiday (excl. Scotland)
UID:C3C32F32-A01F-4732-948C-8B657E1806A2
DTSTAMP:20060123T213752Z
RRULE:FREQ=YEARLY;INTERVAL=1;BYMONTH=8;BYDAY=-1MO
END:VEVENT
BEGIN:VEVENT
DTSTART;VALUE=DATE:20020616
DTEND;VALUE=DATE:20020617
SUMMARY:Father's Day
UID:66D8AB1E-6805-4D64-8877-0B54EA1BDCC7
DTSTAMP:20040707T140415Z
RRULE:FREQ=YEARLY;INTERVAL=1;BYMONTH=6;BYDAY=3SU
END:VEVENT
BEGIN:VEVENT
DTSTART;VALUE=DATE:20040412
SUMMARY:Easter Monday
UID:E02D75F4-4F0E-45CC-98AF-86228D97B270
DTSTAMP:20040707T140556Z
SEQUENCE:1
DURATION:P1D
END:VEVENT
BEGIN:VEVENT
DTSTART;VALUE=DATE:20020527
DTEND;VALUE=DATE:20020528
SUMMARY:Spring Holiday
UID:47D440C5-A756-45EA-97D9-7FE12BCB2EC3
DTSTAMP:20040707T140415Z
RRULE:FREQ=YEARLY;INTERVAL=1;BYMONTH=5;BYDAY=-1MO
END:VEVENT
BEGIN:VEVENT
DTSTART;VALUE=DATE:20100405
DTEND;VALUE=DATE:20100406
SUMMARY:Easter Monday
UID:8460414D-B206-4246-95DA-2E1254708F51
SEQUENCE:3
DTSTAMP:20060123T220503Z
END:VEVENT
BEGIN:VEVENT
DTSTART;VALUE=DATE:20020506
DTEND;VALUE=DATE:20020507
SUMMARY:May Day
UID:94179571-8968-49F8-ABAE-28E6EFE117C3
DTSTAMP:20040707T140415Z
RRULE:FREQ=YEARLY;INTERVAL=1;UNTIL=20040502;BYMONTH=5;BYDAY=1MO
END:VEVENT
BEGIN:VEVENT
DTSTART;VALUE=DATE:20040411
SUMMARY:Easter
UID:2D7ADDBF-E2DB-45F8-9C7F-4DF31A39E53F
DTSTAMP:20040707T140551Z
SEQUENCE:1
DURATION:P1D
END:VEVENT
BEGIN:VEVENT
DTSTART;VALUE=DATE:20041227
DTEND;VALUE=DATE:20041229
SUMMARY:Bank Holiday
UID:34226208-02F0-40C2-BB47-AC26B59A2261
DTSTAMP:20040707T140840Z
SEQUENCE:2
DESCRIPTION:Substitute Bank Holiday in lieu of the 25th and 26th
END:VEVENT
BEGIN:VEVENT
DTSTART;VALUE=DATE:20080323
DTEND;VALUE=DATE:20080324
SUMMARY:Easter
UID:503B2E9C-1C04-4F88-AF67-F065363F9482
SEQUENCE:3
DTSTAMP:20060123T215746Z
END:VEVENT
BEGIN:VEVENT
DTSTART;VALUE=DATE:20101228
DTEND;VALUE=DATE:20101229
SUMMARY:Bank Holiday
UID:E88095AD-2C5D-421D-8EDA-9C11AB9FA6E5
SEQUENCE:3
DTSTAMP:20060123T215122Z
END:VEVENT
BEGIN:VEVENT
DTSTART;VALUE=DATE:20060102
DTEND;VALUE=DATE:20060103
SUMMARY:Bank Holiday (Great Britain\, Wales\, N. Ireland)
UID:8BEBC56D-EEDB-48B0-80B6-3C300AA13B9B
SEQUENCE:3
DTSTAMP:20060123T214020Z
END:VEVENT
BEGIN:VEVENT
DTSTART;VALUE=DATE:20020826
DTEND;VALUE=DATE:20020827
SUMMARY:Late Summer Holiday\, excl Scotland
UID:9030F903-C1AD-40BC-B298-D7947CBDF419
DTSTAMP:20040707T140415Z
RRULE:FREQ=YEARLY;INTERVAL=1;UNTIL=20060827;BYMONTH=8;BYDAY=-1MO
END:VEVENT
BEGIN:VEVENT
DTSTART;VALUE=DATE:20021105
DTEND;VALUE=DATE:20021106
SUMMARY:Guy Fawkes Day
UID:9CDC8BAE-710A-4277-A1CB-9CFF31396CB8
DTSTAMP:20040707T140415Z
RRULE:FREQ=YEARLY;INTERVAL=1;BYMONTH=11
END:VEVENT
BEGIN:VEVENT
DTSTART;VALUE=DATE:20021111
DTEND;VALUE=DATE:20021112
SUMMARY:Remembrance Day
UID:109B7FA7-EABF-4E68-8EFE-0AE80A504AE1
DTSTAMP:20040707T140415Z
RRULE:FREQ=YEARLY;INTERVAL=1;BYMONTH=11
END:VEVENT
BEGIN:VEVENT
DTSTART;VALUE=DATE:20020401
DTEND;VALUE=DATE:20020402
SUMMARY:Easter Monday
UID:5F9C76E6-DCF1-466C-B778-744FBB51CE40
DTSTAMP:20040707T140415Z
END:VEVENT
BEGIN:VEVENT
DTSTART;VALUE=DATE:20030420
DTEND;VALUE=DATE:20030421
SUMMARY:Easter
UID:83FB0916-E13C-4690-8C18-08FF300C12EE
DTSTAMP:20040707T140415Z
END:VEVENT
BEGIN:VEVENT
DTSTART;VALUE=DATE:20060417
SUMMARY:Easter Monday
UID:4809AA67-9909-4161-BC73-E68720AF6502
DTSTAMP:20040707T141533Z
SEQUENCE:1
DURATION:P1D
END:VEVENT
BEGIN:VEVENT
DTSTART;VALUE=DATE:20070406
SUMMARY:Good Friday
UID:429543DD-DB2E-42AF-8A53-FB778AB120F4
DTSTAMP:20040707T141706Z
SEQUENCE:1
DURATION:P1D
END:VEVENT
BEGIN:VEVENT
DTSTART;VALUE=DATE:20090713
DTEND;VALUE=DATE:20090714
SUMMARY:Bank Holiday (N. Ireland)
UID:D49DECA4-0690-4428-B20A-BBB9CC174A1A
SEQUENCE:3
DTSTAMP:20060123T214823Z
END:VEVENT
BEGIN:VEVENT
DTSTART;VALUE=DATE:20030304
DTEND;VALUE=DATE:20030305
SUMMARY:Shrove Tuesday
UID:87C87924-A155-4213-A78B-C3BED059BA15
DTSTAMP:20040707T140415Z
END:VEVENT
BEGIN:VEVENT
DTSTART;VALUE=DATE:20021130
DTEND;VALUE=DATE:20021201
SUMMARY:St. Andrew's Day
UID:80B9C8F4-52D5-4D92-9A02-37BB2C1A83AD
DTSTAMP:20040707T140415Z
RRULE:FREQ=YEARLY;INTERVAL=1;BYMONTH=11
END:VEVENT
BEGIN:VEVENT
DTSTART;VALUE=DATE:20020331
DTEND;VALUE=DATE:20020401
SUMMARY:Easter
UID:C7B19B3C-8DAC-46CE-84BF-C743ED5C1E33
DTSTAMP:20040707T140415Z
END:VEVENT
BEGIN:VEVENT
DTSTART;VALUE=DATE:20090413
DTEND;VALUE=DATE:20090414
SUMMARY:Easter Monday
UID:2128AEEF-3E61-439A-8EC4-08937E74944B
SEQUENCE:3
DTSTAMP:20060123T220415Z
END:VEVENT
BEGIN:VEVENT
DTSTART;VALUE=DATE:20050325
SUMMARY:Good Friday
UID:8C4BC261-CE58-4674-B642-A5BC4A9B8FAC
DTSTAMP:20040707T141107Z
SEQUENCE:1
DURATION:P1D
END:VEVENT
BEGIN:VEVENT
DTSTART;VALUE=DATE:20080714
DTEND;VALUE=DATE:20080715
SUMMARY:Bank Holiday (N. Ireland)
UID:51511457-1EFC-4AF4-8600-A85B7EA7789F
SEQUENCE:3
DTSTAMP:20060123T214748Z
END:VEVENT
BEGIN:VEVENT
DTSTART;VALUE=DATE:20070319
DTEND;VALUE=DATE:20070320
SUMMARY:Bank Holiday (N. Ireland)
UID:6EF2BC68-4AA2-4DFB-BB98-9F36E911101C
SEQUENCE:3
DTSTAMP:20060123T214454Z
END:VEVENT
BEGIN:VEVENT
DTSTART;VALUE=DATE:20021225
DTEND;VALUE=DATE:20021226
SUMMARY:Christmas Day
UID:9B63338E-33C8-4787-ADAB-998D48E015E0
DTSTAMP:20040707T140415Z
RRULE:FREQ=YEARLY;INTERVAL=1;BYMONTH=12
END:VEVENT
BEGIN:VEVENT
DTSTART;VALUE=DATE:20010421
DTEND;VALUE=DATE:20010422
SUMMARY:Queen's Birthday
UID:77FF4144-B980-412A-B7D1-3C247B0DD092
DTSTAMP:20040707T140415Z
RRULE:FREQ=YEARLY;INTERVAL=1;BYMONTH=4
END:VEVENT
BEGIN:VEVENT
DTSTART;VALUE=DATE:20060414
SUMMARY:Good Friday
UID:0DED9FF4-0142-4D2A-83B9-E7697A643CFF
DTSTAMP:20040707T141515Z
SEQUENCE:1
DURATION:P1D
END:VEVENT
BEGIN:VEVENT
DTSTART;VALUE=DATE:20030330
DTEND;VALUE=DATE:20030331
SUMMARY:Mother's Day
UID:DE0E412D-CF91-4716-B86D-2ECD4F585DE7
DTSTAMP:20040707T140415Z
END:VEVENT
BEGIN:VEVENT
DTSTART;VALUE=DATE:20021027
DTEND;VALUE=DATE:20021028
SUMMARY:British Summer Time Ends
UID:D6228FCC-94EF-49A9-9E11-7B1441EA8353
DTSTAMP:20040707T140415Z
RRULE:FREQ=YEARLY;INTERVAL=1;BYMONTH=10;BYDAY=-1SU
END:VEVENT
BEGIN:VEVENT
DTSTART;VALUE=DATE:20020102
DTEND;VALUE=DATE:20020103
SUMMARY:Bank Holiday (Scotland)
UID:CCB51280-17A7-476E-8F16-F2935FBDFAD4
DTSTAMP:20040707T140415Z
RRULE:FREQ=YEARLY;INTERVAL=1;UNTIL=20060101;BYMONTH=1
END:VEVENT
BEGIN:VEVENT
DTSTART;VALUE=DATE:20080321
DTEND;VALUE=DATE:20080322
SUMMARY:Good Friday
UID:8B46A824-6871-4A10-ACDC-2B0D5E30F60F
SEQUENCE:3
DTSTAMP:20060124T193156Z
END:VEVENT
BEGIN:VEVENT
DTSTART;VALUE=DATE:20020329
DTEND;VALUE=DATE:20020330
SUMMARY:Good Friday
UID:A425E020-1111-4353-963D-F1C19625087A
DTSTAMP:20040707T140415Z
END:VEVENT
BEGIN:VEVENT
DTSTART;VALUE=DATE:20040409
DTEND;VALUE=DATE:20040410
SUMMARY:Good Friday
UID:F3DECE54-E0D4-4712-98F5-C8FB69A97D36
SEQUENCE:2
DTSTAMP:20040707T140535Z
END:VEVENT
BEGIN:VEVENT
DTSTART;VALUE=DATE:20050328
SUMMARY:Easter Monday
UID:5A7D8DF4-936B-4EEC-B0CF-1E92A133DC61
DTSTAMP:20040707T141143Z
SEQUENCE:1
DURATION:P1D
END:VEVENT
BEGIN:VEVENT
DTSTART;VALUE=DATE:20020101
DTEND;VALUE=DATE:20020102
SUMMARY:New Year's Day
UID:861380A2-6403-495B-B585-4CCA38DCA82D
DTSTAMP:20040707T140415Z
RRULE:FREQ=YEARLY;INTERVAL=1;BYMONTH=1
END:VEVENT
BEGIN:VEVENT
DTSTART;VALUE=DATE:20101227
DTEND;VALUE=DATE:20101228
SUMMARY:Bank Holiday
UID:D3427758-94D7-44D3-80D0-8EFB2485BEB0
SEQUENCE:3
DTSTAMP:20060123T215112Z
END:VEVENT
BEGIN:VEVENT
DTSTART;VALUE=DATE:20030418
DTEND;VALUE=DATE:20030419
SUMMARY:Good Friday
UID:E6EB0E7D-8416-422D-9888-BBAF314EC7B1
DTSTAMP:20040707T140415Z
END:VEVENT
BEGIN:VEVENT
DTSTART;VALUE=DATE:20020331
DTEND;VALUE=DATE:20020401
SUMMARY:British Summer Time
UID:A11CC9A6-2BBB-40C4-80BF-2981F82791E5
DTSTAMP:20040707T141125Z
RRULE:FREQ=YEARLY;INTERVAL=1;UNTIL=20050326;BYMONTH=3;BYDAY=-1SU
SEQUENCE:1
END:VEVENT
BEGIN:VEVENT
DTSTART;VALUE=DATE:20060416
SUMMARY:Easter
UID:4936E52C-98D4-4B44-9DF3-48836AE8C2CA
DTSTAMP:20040707T141522Z
SEQUENCE:1
DURATION:P1D
END:VEVENT
BEGIN:VEVENT
DTSTART;VALUE=DATE:20021031
DTEND;VALUE=DATE:20021101
SUMMARY:Halloween
UID:42D1B24F-21F9-46D0-B4A2-57122C3460A8
DTSTAMP:20040707T140415Z
RRULE:FREQ=YEARLY;INTERVAL=1;BYMONTH=10
END:VEVENT
BEGIN:VEVENT
DTSTART;VALUE=DATE:20020712
DTEND;VALUE=DATE:20020713
SUMMARY:Battle of Boyne Day (N. Ireland)
UID:AE334EA1-87AA-4E81-84FD-51FFD2E0D456
DTSTAMP:20040707T140415Z
RRULE:FREQ=YEARLY;INTERVAL=1;BYMONTH=7
END:VEVENT
BEGIN:VEVENT
DTSTART;VALUE=DATE:20050327
SUMMARY:Easter
UID:8C81BBA6-7ECD-45CC-8E9E-D8E583DEC3F8
DTSTAMP:20040707T141149Z
SEQUENCE:1
DURATION:P1D
END:VEVENT
BEGIN:VEVENT
DTSTART;VALUE=DATE:20020310
DTEND;VALUE=DATE:20020311
SUMMARY:Mother's Day
UID:5C1382F0-0FD3-4DEC-AF82-EA74B2D4345C
DTSTAMP:20040707T140415Z
END:VEVENT
BEGIN:VEVENT
DTSTART;VALUE=DATE:20040503
DTEND;VALUE=DATE:20040504
SUMMARY:May Day
UID:07FEF6DE-9781-4466-A15C-A02551A3AA7E
DTSTAMP:20040707T140415Z
RRULE:FREQ=YEARLY;INTERVAL=1;BYMONTH=5;BYDAY=1MO
DESCRIPTION:Early May Bank Holiday
END:VEVENT
BEGIN:VEVENT
DTSTART;VALUE=DATE:20020317
DTEND;VALUE=DATE:20020318
SUMMARY:St. Patrick's Day (N. Ireland)
UID:1E29D9CC-AD09-4C4F-8EBF-EDAE695952C2
DTSTAMP:20040707T140415Z
RRULE:FREQ=YEARLY;INTERVAL=1;BYMONTH=3
END:VEVENT
BEGIN:VEVENT
DTSTART;VALUE=DATE:20020301
DTEND;VALUE=DATE:20020302
SUMMARY:St. David's Day
UID:5B2EAA03-37B0-43C7-AB43-1F4CC705C684
DTSTAMP:20040707T140415Z
RRULE:FREQ=YEARLY;INTERVAL=1;BYMONTH=3
END:VEVENT
BEGIN:VEVENT
DTSTART;VALUE=DATE:20020212
DTEND;VALUE=DATE:20020213
SUMMARY:Shrove Tuesday
UID:3B696187-0973-4B52-A487-3C2532B8280A
DTSTAMP:20040707T140415Z
END:VEVENT
END:VCALENDAR
